"group","code","status","app_name_sv","dataset_name_sv","dataset_image","to_verify"
"A","A1-1","variant of an app sign","","Varning för sväng (vänster)","has image (link verified 2026-10-02)","is this a separate sign or a variant?"
"A","A1-2","variant of an app sign","","Varning för sväng (höger)","has image (link verified 2026-10-02)","is this a separate sign or a variant?"
"A","A2-1","variant of an app sign","","Varning för dubbelsväng (höger först)","has image (link verified 2026-10-02)","is this a separate sign or a variant?"
"A","A2-2","variant of an app sign","","Varning för dubbelsväng (vänster först)","has image (link verified 2026-10-02)","is this a separate sign or a variant?"
"A","A3","same code, NAME DIFFERS","Varning för nedförslutning","Varning för brant nedförsbacke","has image (link verified 2026-10-02)","CHECKED against bundled image a3.png (10% descent): same sign in both names, only the wording differs"
"A","A4","same code, NAME DIFFERS","Varning för stigning","Varning för brant uppförsbacke","has image (link verified 2026-10-02)","CHECKED against bundled image a4.png (10% ascent): same sign in both names, only the wording differs"
"A","A5-1","variant of an app sign","","Varning för avsmalnande väg","has image (link verified 2026-10-02)","is this a separate sign or a variant?"
"A","A5-2","variant of an app sign","","Varning för avsmalnande väg (höger)","has image (link verified 2026-10-02)","is this a separate sign or a variant?"
"A","A5-3","variant of an app sign","","Varning för avsmalnande väg (vänster)","has image (link verified 2026-10-02)","is this a separate sign or a variant?"
"A","A6","same code, NAME DIFFERS","Varning för bro","Varning för rörlig bro","has image (link verified 2026-10-02)","CHECKED against bundled image a6.png (raised bridge leaf): same sign in both names, only the wording differs; app name ""Varning för bro"" is more generic than the picture, which shows a movable bridge"
"A","A7","same code, NAME DIFFERS","Varning för kaj","Varning för kaj, strand eller färjeläge","has image (link verified 2026-10-02)","CHECKED against bundled image a7.png (car driving off a quay into water): same sign in both names, only the wording differs"
"A","A8","same code, same name","Varning för ojämn väg","Varning för ojämn väg","has image (link verified 2026-10-02)",""
"A","A9-1","variant of an app sign","","Varning för farthinder","has image (link verified 2026-10-02)","is this a separate sign or a variant?"
"A","A9-2","variant of an app sign","","Varning för farthinder (gupp)","has image (link verified 2026-10-02)","is this a separate sign or a variant?"
"A","A10","same code, NAME DIFFERS","Varning för slirig väg","Varning för slirig körbana","has image (link verified 2026-10-02)","CHECKED against bundled image a10.png (car skidding): same sign in both names, only the wording differs"
"A","A11","same code, same name","Varning för stenskott","Varning för stenskott","has image (link verified 2026-10-02)",""
"A","A12-1","variant of an app sign","","Varning för stenras","has image (link verified 2026-10-02)","is this a separate sign or a variant?"
"A","A12-2","variant of an app sign","","Varning för stenras (vänster)","has image (link verified 2026-10-02)","is this a separate sign or a variant?"
"A","A13","same code, same name","Varning för övergångsställe","Varning för övergångsställe","has image (link verified 2026-10-02)",""
"A","A14","same code, same name","Varning för gående","Varning för gående","has image (link verified 2026-10-02)",""
"A","A15","same code, same name","Varning för barn","Varning för barn","has image (link verified 2026-10-02)",""
"A","A16","same code, NAME DIFFERS","Varning för cyklande och mopedförare","Varning för cyklister och mopedister","has image (link verified 2026-10-02)","CHECKED against bundled image a16.png (cyclist): same sign in both names, only the wording differs"
"A","A17","same code, NAME DIFFERS","Varning för skidåkare","Varning för korsande skidspår","has image (link verified 2026-10-02)","CHECKED against bundled image a17.png (skier): same sign in both names, only the wording differs"
"A","A18","same code, NAME DIFFERS","Varning för ridande","Varning för korsande ridväg","has image (link verified 2026-10-02)","CHECKED against bundled image a18.png (horse rider): same sign in both names, only the wording differs"
"A","A19-1","variant of an app sign","","Varning för älg","has image (link verified 2026-10-02)","is this a separate sign or a variant?"
"A","A19-2","variant of an app sign","","Varning för hjortdjur","has image (link verified 2026-10-02)","is this a separate sign or a variant?"
"A","A19-3","variant of an app sign","","Varning för färd med djur","has image (link verified 2026-10-02)","is this a separate sign or a variant?"
"A","A19-4","variant of an app sign","","Varning för fritt strövande hästar","has image (link verified 2026-10-02)","is this a separate sign or a variant?"
"A","A19-5","variant of an app sign","","Varning för fritt strövande renar","has image (link verified 2026-10-02)","is this a separate sign or a variant?"
"A","A19-6","variant of an app sign","","Varning för fritt strövande får","has image (link verified 2026-10-02)","is this a separate sign or a variant?"
"A","A19-7","variant of an app sign","","Varning för vildsvin","has image (link verified 2026-10-02)","is this a separate sign or a variant?"
"A","A20","same code, same name","Varning för vägarbete","Varning för vägarbete","has image (link verified 2026-10-02)",""
"A","A21","same code, NAME DIFFERS","Slut på sträcka med vägarbete","Vägarbete upphör","has image (link verified 2026-10-02)","CHECKED against bundled image a21.png (digging worker crossed out by a diagonal): same sign in both names, only the wording differs"
"A","A22","same code, NAME DIFFERS","Varning för flerfärgssignal","Varning för trafiksignal","has image (link verified 2026-10-02)","CHECKED against bundled image a22.png (traffic light): same sign in both names, only the wording differs"
"A","A23-1","dataset only (not in app)","","Varning för lågt flygande flygplan","has image (link verified 2026-10-02)","confirm it exists; get image + texts"
"A","A24-1","variant of an app sign","","Varning för farlig sidvind","has image (link verified 2026-10-02)","is this a separate sign or a variant?"
"A","A24-2","variant of an app sign","","Varning för farlig sidvind (vänster)","has image (link verified 2026-10-02)","is this a separate sign or a variant?"
"A","A25","same code, same name","Varning för mötande trafik","Varning för mötande trafik","has image (link verified 2026-10-02)",""
"A","A26","same code, same name","Varning för tunnel","Varning för tunnel","has image (link verified 2026-10-02)",""
"A","A27","same code, NAME DIFFERS","Varning för svag vägkant eller hög körbanekant","Varning för svag vägkant","has image (link verified 2026-10-02)","CHECKED against bundled image a27.png (car at a soft road edge): same sign in both names, only the wording differs"
"A","A28","same code, same name","Varning för vägkorsning","Varning för vägkorsning","has image (link verified 2026-10-02)",""
"A","A30","same code, same name","Varning för cirkulationsplats","Varning för cirkulationsplats","has image (link verified 2026-10-02)",""
"A","A31","dataset only (not in app)","","Varning för långsamtgående fordon","has image (link verified 2026-10-02)","confirm it exists; get image + texts"
"A","A34","same code, same name","Varning för kö","Varning för kö","has image (link verified 2026-10-02)",""
"A","A35","same code, NAME DIFFERS","Varning för järnvägskorsning med bommar","Varning för järnvägsövergång med bommar","has image (link verified 2026-10-02)","CHECKED against bundled image a35.png (barrier fence (level crossing with gates)): same sign in both names, only the wording differs"
"A","A36","same code, NAME DIFFERS","Varning för järnvägskorsning utan bommar","Varning för järnvägsövergång utan bommar","has image (link verified 2026-10-02)","CHECKED against bundled image a36.png (steam locomotive): same sign in both names, only the wording differs"
"A","A37","same code, NAME DIFFERS","Korsning med spårväg","Varning för spårvagn","has image (link verified 2026-10-02)","CHECKED against bundled image a37.png (tram): same sign in both names, only the wording differs"
"A","A40","same code, same name","Varning för annan fara","Varning för annan fara","has image (link verified 2026-10-02)",""
"A","A41","same code, same name","Varning för olycka","Varning för olycka","has image (link verified 2026-10-02)",""
"B","B1","same code, same name","Väjningsplikt","Väjningsplikt","has image (link verified 2026-10-02)",""
"B","B2","same code, same name","Stopplikt","Stopplikt","has image (link verified 2026-10-02)",""
"B","B3-1","variant of an app sign","","Övergångsställe","has image (link verified 2026-10-02)","is this a separate sign or a variant?"
"B","B4","same code, same name","Huvudled","Huvudled","has image (link verified 2026-10-02)",""
"B","B5","same code, same name","Huvudled upphör","Huvudled upphör","has image (link verified 2026-10-02)",""
"B","B6","same code, same name","Väjningsplikt mot mötande trafik","Väjningsplikt mot mötande trafik","has image (link verified 2026-10-02)",""
"B","B7","same code, NAME DIFFERS","Mötande trafik har väjningsplikt","Företräde framför mötande trafik","has image (link verified 2026-10-02)","CHECKED against bundled image b7.png (white arrow up has priority, red arrow down yields): same sign in both names, only the wording differs; same meaning seen from opposite viewpoints"
"B","B8","dataset only (not in app)","","Cykelöverfart","has image (link verified 2026-10-02)","confirm it exists; get image + texts"
"C","C1","same code, same name","Förbud mot infart med fordon","Förbud mot infart med fordon","has image (link verified 2026-10-02)",""
"C","C2","same code, same name","Förbud mot trafik med fordon","Förbud mot trafik med fordon","has image (link verified 2026-10-02)",""
"C","C3","dataset only (not in app)","","Förbud mot trafik med motorcykel","has image (link verified 2026-10-02)","confirm it exists; get image + texts"
"C","C4","same code, NAME DIFFERS","Förbud mot trafik med motordrivet fordon som har flera hjul än två","Förbud mot trafik med motordrivet fordon","has image (link verified 2026-10-02)","CHECKED against bundled image c4.png (car crossed out): same sign in both names, only the wording differs; app name is the more specific one"
"C","C5","same code, NAME DIFFERS","Förbud mot trafik med motorcykel och moped klass 1","Förbud mot trafik med motorcykel och moped klass I","has image (link verified 2026-10-02)","CHECKED against bundled image c5.png (motorcycle crossed out): same sign in both names, only the wording differs; ""klass 1"" vs ""klass I"" is only digit vs roman numeral"
"C","C6","same code, NAME DIFFERS","Förbud mot trafik med motordrivet fordon med tillkopplad släpvagn","Förbud mot trafik med fordon med tillkopplad släpvagn","has image (link verified 2026-10-02)","CHECKED against bundled image c6.png (trailer crossed out): same sign in both names, only the wording differs"
"C","C7","same code, NAME DIFFERS","Förbud mot trafik med tung lastbil","Förbud mot trafik med lastbil","has image (link verified 2026-10-02)","CHECKED against bundled image c7.png (lorry crossed out): same sign in both names, only the wording differs"
"C","C8","same code, NAME DIFFERS","Förbud mot trafik med traktor och motorredskap","Förbud mot fordon som inte kan framföras snabbare än 25 km/h","has image (link verified 2026-10-02)","CHECKED against bundled image c8.png (tractor crossed out): app name is right, dataset name is WRONG for this code"
"C","C9","same code, NAME DIFFERS","Förbud mot fordon lastade med farligt gods","Förbud mot transport av farligt gods","has image (link verified 2026-10-02)","CHECKED against bundled image c9.png (vehicle with orange hazard panel crossed out): same sign in both names, only the wording differs"
"C","C10","same code, NAME DIFFERS","Förbud mot trafik med cykel och moped klass II","Förbud mot cykling","has image (link verified 2026-10-02)","CHECKED against bundled image c10.png (bicycle on yellow): app name is more complete, dataset name simplified"
"C","C11","dataset only (not in app)","","Förbud mot moped","has image (link verified 2026-10-02)","confirm it exists; get image + texts"
"C","C12","same code, NAME DIFFERS","Förbud mot trafik med hästfordon","Förbud mot hästfordon","has image (link verified 2026-10-02)","CHECKED against bundled image c12.png (horse and cart crossed out): same sign in both names, only the wording differs"
"C","C13","same code, NAME DIFFERS","Förbud mot trafik med terrängmotorfordon och terrängsläp","Förbud mot terrängmotorfordon","has image (link verified 2026-10-02)","CHECKED against bundled image c13.png (snowmobile crossed out): same sign in both names, only the wording differs"
"C","C14","same code, same name","Förbud mot ridning","Förbud mot ridning","has image (link verified 2026-10-02)",""
"C","C15","same code, same name","Förbud mot gångtrafik","Förbud mot gångtrafik","has image (link verified 2026-10-02)",""
"C","C16","same code, NAME DIFFERS","Begränsad fordonsbredd","Förbud mot fordon med bredd över angivet mått","has image (link verified 2026-10-02)","CHECKED against bundled image c16.png (2,2 m width): same sign in both names, only the wording differs"
"C","C17","same code, NAME DIFFERS","Begränsad fordonshöjd","Förbud mot fordon med höjd över angivet mått","has image (link verified 2026-10-02)","CHECKED against bundled image c17.png (3,5 m height): same sign in both names, only the wording differs"
"C","C18","same code, NAME DIFFERS","Begränsad längd på fordon eller fordonståg","Förbud mot fordon med längd över angivet mått","has image (link verified 2026-10-02)","CHECKED against bundled image c18.png (truck with 20 m length): same sign in both names, only the wording differs"
"C","C19","same code, NAME DIFFERS","Minsta avstånd mellan motordrivna fordon","Krav på visst minsta avstånd mellan fordon","has image (link verified 2026-10-02)","CHECKED against bundled image c19.png (two cars 50 m apart): same sign in both names, only the wording differs"
"C","C20","same code, NAME DIFFERS","Begränsad bruttovikt på fordon","Förbud mot fordon med vikt över angivet mått","has image (link verified 2026-10-02)","CHECKED against bundled image c20.png (12 t weight): same sign in both names, only the wording differs"
"C","C21","dataset only (not in app)","","Förbud mot fordonståg med vikt över angivet mått","has image (link verified 2026-10-02)","confirm it exists; get image + texts"
"C","C22-1","dataset only (not in app)","","Förbud mot fordonståg över bärighetsklass 3","has image (link verified 2026-10-02)","confirm it exists; get image + texts"
"C","C23","dataset only (not in app)","","Förbud mot fordon med axeltryck över angivet mått","has image (link verified 2026-10-02)","confirm it exists; get image + texts"
"C","C24","dataset only (not in app)","","Förbud mot fordon med boggitryck över angivet mått","has image (link verified 2026-10-02)","confirm it exists; get image + texts"
"C","C25-1","variant of an app sign","","Förbud mot att svänga till vänster","has image (link verified 2026-10-02)","is this a separate sign or a variant?"
"C","C25-2","variant of an app sign","","Förbud mot att svänga till höger","has image (link verified 2026-10-02)","is this a separate sign or a variant?"
"C","C26","same code, NAME DIFFERS","Förbud mot U-sväng","Förbud mot att vända","has image (link verified 2026-10-02)","CHECKED against bundled image c26.png (U-turn crossed out): same sign in both names, only the wording differs"
"C","C27","same code, same name","Förbud mot omkörning","Förbud mot omkörning","has image (link verified 2026-10-02)",""
"C","C28","same code, NAME DIFFERS","Slut på omkörningsförbud","Förbud mot omkörning upphör","has image (link verified 2026-10-02)","CHECKED against bundled image c28.png (end-of-overtaking stripes): same sign in both names, only the wording differs"
"C","C29","same code, NAME DIFFERS","Omkörning med lastbil förbjuden","Förbud mot omkörning för lastbil","has image (link verified 2026-10-02)","CHECKED against bundled image c29.png (red lorry next to black car): same sign in both names, only the wording differs"
"C","C30","same code, NAME DIFFERS","Slut på omkörningsförbud för lastbil","Förbud mot omkörning för lastbil upphör","has image (link verified 2026-10-02)","CHECKED against bundled image c30.png (end-of-overtaking stripes with lorry): same sign in both names, only the wording differs"
"C","C31-3","variant of an app sign","","Hastighetsbegränsning","has image (link verified 2026-10-02)","is this a separate sign or a variant?"
"C","C32-3","dataset only (not in app)","","Hastighetsbegränsning upphör","has image (link verified 2026-10-02)","confirm it exists; get image + texts"
"C","C33","dataset only (not in app)","","Stopp vid tull","no image (404 verified 2026-10-02)","confirm it exists; get image + texts"
"C","C34","dataset only (not in app)","","Stopp för angivet ändamål","no image (404 verified 2026-10-02)","confirm it exists; get image + texts"
"C","C35","same code, NAME DIFFERS","Förbud mot att parkera fordon","Förbud mot att stanna och parkera","has image (link verified 2026-10-02)","CHECKED against bundled image c35.png (single red slash = no parking): app name is right, dataset name is WRONG for this code"
"C","C36","dataset only (not in app)","","Förbud mot att parkera fordon på dag med udda datum","has image (link verified 2026-10-02)","confirm it exists; get image + texts"
"C","C37","dataset only (not in app)","","Förbud mot att parkera fordon på dag med jämnt datum","has image (link verified 2026-10-02)","confirm it exists; get image + texts"
"C","C38","dataset only (not in app)","","Datumparkering","has image (link verified 2026-10-02)","confirm it exists; get image + texts"
"C","C39","same code, NAME DIFFERS","Förbud mot att stanna och parkera fordon","Förbud mot att stanna","has image (link verified 2026-10-02)","CHECKED against bundled image c39.png (red cross = no stopping and no parking): app name is right, dataset name incomplete"
"C","C40","dataset only (not in app)","","Ändamålsplats","no image (404 verified 2026-10-02)","confirm it exists; get image + texts"
"C","C41","dataset only (not in app)","","Slut på ändamålsplats","no image (404 verified 2026-10-02)","confirm it exists; get image + texts"
"C","C42","dataset only (not in app)","","Vändplats","no image (404 verified 2026-10-02)","confirm it exists; get image + texts"
"C","C43","dataset only (not in app)","","Slut på vändplats","no image (404 verified 2026-10-02)","confirm it exists; get image + texts"
"C","C44","dataset only (not in app)","","Förbud mot dubbdäck","has image (link verified 2026-10-02)","confirm it exists; get image + texts"
"C","C45","dataset only (not in app)","","Särskilda bestämmelser för stannande och parkering","no image (404 verified 2026-10-02)","confirm it exists; get image + texts"
"C","C46","dataset only (not in app)","","Begränsat trippelaxeltryck","no image (404 verified 2026-10-02)","confirm it exists; get image + texts"
"D","D1-1","variant of an app sign","","Påbjuden körriktning (vänster)","has image (link verified 2026-10-02)","is this a separate sign or a variant?"
"D","D1-2","variant of an app sign","","Påbjuden körriktning (höger)","has image (link verified 2026-10-02)","is this a separate sign or a variant?"
"D","D1-3","variant of an app sign","","Påbjuden körriktning (rakt fram)","has image (link verified 2026-10-02)","is this a separate sign or a variant?"
"D","D1-6","variant of an app sign","","Påbjuden körriktning (rakt fram och vänster)","has image (link verified 2026-10-02)","is this a separate sign or a variant?"
"D","D1-7","variant of an app sign","","Påbjuden körriktning (rakt fram och höger)","has image (link verified 2026-10-02)","is this a separate sign or a variant?"
"D","D1-8","variant of an app sign","","Påbjuden körriktning (höger och vänster)","has image (link verified 2026-10-02)","is this a separate sign or a variant?"
"D","D2-1","variant of an app sign","","Påbjuden passage på höger sida","has image (link verified 2026-10-02)","is this a separate sign or a variant?"
"D","D2-2","variant of an app sign","","Påbjuden passage på vänster sida","has image (link verified 2026-10-02)","is this a separate sign or a variant?"
"D","D2-3","variant of an app sign","","Påbjuden passage på båda sidor","has image (link verified 2026-10-02)","is this a separate sign or a variant?"
"D","D3","same code, NAME DIFFERS","Cirkulationsplats","Påbjuden cirkulationsplats","has image (link verified 2026-10-02)","CHECKED against bundled image d3.png (blue disc with roundabout arrows): same sign in both names, only the wording differs; dataset adds ""Påbjuden"" (mandatory sign), app name omits it"
"D","D4","same code, same name","Påbjuden cykelbana","Påbjuden cykelbana","has image (link verified 2026-10-02)",""
"D","D5","same code, same name","Påbjuden gångbana","Påbjuden gångbana","has image (link verified 2026-10-02)",""
"D","D6","same code, NAME DIFFERS","Påbjuden gång- och cykelbana (gemensam)","Påbjuden gång- och cykelbana","has image (link verified 2026-10-02)","CHECKED against bundled image d6.png (pedestrian above bicycle on blue disc): same sign in both names, only the wording differs; app name adds ""(gemensam)"""
"D","D7","dataset only (not in app)","","Påbjuden ridbana","no image (404 verified 2026-10-02)","confirm it exists; get image + texts"
"D","D8","same code, NAME DIFFERS","Påbjuden ridväg","Påbjuden lägsta hastighet","has image (link verified 2026-10-02)","CHECKED against bundled image d8.png (horse rider): app name is right, dataset name is WRONG for this code (dataset D7 is probably the same sign)"
"D","D9","dataset only (not in app)","","Påbjuden lägsta hastighet upphör","has image (link verified 2026-10-02)","confirm it exists; get image + texts"
"E","E1","same code, same name","Motorväg","Motorväg","has image (link verified 2026-10-02)",""
"E","E2","same code, same name","Motorväg upphör","Motorväg upphör","has image (link verified 2026-10-02)",""
"E","E3","same code, same name","Motortrafikled","Motortrafikled","has image (link verified 2026-10-02)",""
"E","E4","same code, same name","Motortrafikled upphör","Motortrafikled upphör","has image (link verified 2026-10-02)",""
"E","E5","same code, same name","Tättbebyggt område","Tättbebyggt område","has image (link verified 2026-10-02)",""
"E","E6","same code, same name","Tättbebyggt område upphör","Tättbebyggt område upphör","has image (link verified 2026-10-02)",""
"E","E7","same code, same name","Gågata","Gågata","has image (link verified 2026-10-02)",""
"E","E8","same code, same name","Gågata upphör","Gågata upphör","has image (link verified 2026-10-02)",""
"E","E9","same code, NAME DIFFERS","Gårdsgata","Gångfartsområde","has image (link verified 2026-10-02)","CHECKED against bundled image e9.png: same sign, two Swedish names (Gårdsgata / Gångfartsområde); which is current is NOT verified"
"E","E10","same code, NAME DIFFERS","Gårdsgata upphör","Gångfartsområde upphör","has image (link verified 2026-10-02)","CHECKED against bundled image e10.png (residential-zone picture crossed out): same sign in both names, only the wording differs; different term (gårdsgata vs gångfartsområde)"
"E","E11","dataset only (not in app)","","Rekommenderad lägre hastighet","no image (404 verified 2026-10-02)","confirm it exists; get image + texts"
"E","E12","dataset only (not in app)","","Rekommenderad lägre hastighet upphör","no image (404 verified 2026-10-02)","confirm it exists; get image + texts"
"E","E13","dataset only (not in app)","","Rekommenderad högsta hastighet","no image (404 verified 2026-10-02)","confirm it exists; get image + texts"
"E","E14","dataset only (not in app)","","Rekommenderad högsta hastighet upphör","has image (link verified 2026-10-02)","confirm it exists; get image + texts"
"E","E15","dataset only (not in app)","","Sammanvävning","has image (link verified 2026-10-02)","confirm it exists; get image + texts"
"E","E16","same code, same name","Enkelriktad trafik","Enkelriktad trafik","no image (404 verified 2026-10-02)",""
"E","E17","dataset only (not in app)","","Återvändsväg","no image (404 verified 2026-10-02)","confirm it exists; get image + texts"
"E","E18","same code, same name","Mötesplats","Mötesplats","has image (link verified 2026-10-02)",""
"E","E19","same code, same name","Parkering","Parkering","has image (link verified 2026-10-02)",""
"E","E20","dataset only (not in app)","","Områdesmärke","no image (404 verified 2026-10-02)","confirm it exists; get image + texts"
"E","E21","dataset only (not in app)","","Slut på område","no image (404 verified 2026-10-02)","confirm it exists; get image + texts"
"E","E22","same code, same name","Busshållplats","Busshållplats","has image (link verified 2026-10-02)",""
"E","E23","same code, NAME DIFFERS","Taxistation","Taxi","has image (link verified 2026-10-02)","CHECKED against bundled image e23.png (TAXI text): same sign in both names, only the wording differs"
"E","E24","dataset only (not in app)","","Automatisk trafikövervakning","has image (link verified 2026-10-02)","confirm it exists; get image + texts"
"E","E25","same code, same name","Betalväg","Betalväg","has image (link verified 2026-10-02)",""
"E","E26","same code, same name","Tunnel","Tunnel","has image (link verified 2026-10-02)",""
"E","E27","dataset only (not in app)","","Nöduppställningsplats","has image (link verified 2026-10-02)","confirm it exists; get image + texts"
"E","E28","dataset only (not in app)","","Nödutgång","no image (404 verified 2026-10-02)","confirm it exists; get image + texts"
"E","E29","dataset only (not in app)","","Utrymningsväg","no image (404 verified 2026-10-02)","confirm it exists; get image + texts"
"E","E30","dataset only (not in app)","","Särskilda bestämmelser för parkering","no image (404 verified 2026-10-02)","confirm it exists; get image + texts"
"E","E31","dataset only (not in app)","","Miljözon","no image (404 verified 2026-10-02)","confirm it exists; get image + texts"
"E","E32","dataset only (not in app)","","Slut på miljözon","no image (404 verified 2026-10-02)","confirm it exists; get image + texts"
"E","E33","dataset only (not in app)","","Cykelgata","no image (404 verified 2026-10-02)","confirm it exists; get image + texts"
"E","E34","dataset only (not in app)","","Cykelgata upphör","no image (404 verified 2026-10-02)","confirm it exists; get image + texts"
"T","T1","dataset only (not in app)","","Vägsträckas längd","no image (404 verified 2026-10-02)","confirm it exists; get image + texts"
"T","T2","dataset only (not in app)","","Avstånd","has image (link verified 2026-10-02)","confirm it exists; get image + texts"
"T","T3","same code, NAME DIFFERS","Avstånd till stoppskyldighet","Avstånd till stopplikt","has image (link verified 2026-10-02)","CHECKED against bundled image t3.png (STOPP 200 m): same sign in both names, only the wording differs; different term (stoppskyldighet vs stopplikt)"
"T","T4","same code, same name","Fri bredd","Fri bredd","has image (link verified 2026-10-02)",""
"T","T5","same code, same name","Totalvikt","Totalvikt","has image (link verified 2026-10-02)",""
"T","T6","same code, NAME DIFFERS","Klockslag för förbuds giltighet","Tidsangivelse","has image (link verified 2026-10-02)","CHECKED against bundled image t6.png (hours 8-17 (8-14) 8-13): same sign in both names, only the wording differs"
"T","T7","dataset only (not in app)","","Rörelsehindrade","no image (404 verified 2026-10-02)","confirm it exists; get image + texts"
"T","T8","dataset only (not in app)","","Symboltavla","no image (404 verified 2026-10-02)","confirm it exists; get image + texts"
"T","T9","dataset only (not in app)","","Nedsatt syn","has image (link verified 2026-10-02)","confirm it exists; get image + texts"
"T","T10","dataset only (not in app)","","Nedsatt hörsel","has image (link verified 2026-10-02)","confirm it exists; get image + texts"
"T","T11","dataset only (not in app)","","Utsträckning","no image (404 verified 2026-10-02)","confirm it exists; get image + texts"
"T","T12","dataset only (not in app)","","Riktning","no image (404 verified 2026-10-02)","confirm it exists; get image + texts"
"T","T13","dataset only (not in app)","","Flervägsväjning","has image (link verified 2026-10-02)","confirm it exists; get image + texts"
"T","T14","same code, same name","Flervägsstopp","Flervägsstopp","has image (link verified 2026-10-02)",""
"T","T15","dataset only (not in app)","","Vägars fortsättning i korsning","no image (404 verified 2026-10-02)","confirm it exists; get image + texts"
"T","T16","dataset only (not in app)","","Avgift","has image (link verified 2026-10-02)","confirm it exists; get image + texts"
"T","T17","dataset only (not in app)","","Parkeringsskiva","has image (link verified 2026-10-02)","confirm it exists; get image + texts"
"T","T18","dataset only (not in app)","","Tillåten tid för parkering","has image (link verified 2026-10-02)","confirm it exists; get image + texts"
"T","T19","dataset only (not in app)","","Boende","has image (link verified 2026-10-02)","confirm it exists; get image + texts"
"T","T20","dataset only (not in app)","","Parkeringsbiljett","has image (link verified 2026-10-02)","confirm it exists; get image + texts"
"T","T21","dataset only (not in app)","","Uppställning av fordon","no image (404 verified 2026-10-02)","confirm it exists; get image + texts"
"T","T22","dataset only (not in app)","","Text","no image (404 verified 2026-10-02)","confirm it exists; get image + texts"
"T","T23","dataset only (not in app)","","Tunnelkategori","no image (404 verified 2026-10-02)","confirm it exists; get image + texts"
"T","T24","dataset only (not in app)","","Laddplats","has image (link verified 2026-10-02)","confirm it exists; get image + texts"
"T","T25","dataset only (not in app)","","Öppet dygnet runt","has image (link verified 2026-10-02)","confirm it exists; get image + texts"
"D","D10","app only (not in dataset)","Början på körfält för fordon i linjetrafik","","","dataset may be incomplete"
